postac_a,postac_b,sila
BRUTAL,PAUL,27
COFFEY,PAUL,23
BRUTAL,COFFEY,16
PAUL,PERCY,14
BRUTAL,PERCY,13
HARRY,PAUL,13
BRUTAL,HARRY,12
DEL,PAUL,10
BILLY,PAUL,10
COFFEY,DEL,9
JAN,PAUL,9
BRUTAL,DEAN,9
DEAN,PAUL,9
HAL,PAUL,8
BILLY,BRUTAL,8
BRUTAL,DEL,7
COFFEY,HARRY,7
COFFEY,PERCY,7
DEAN,HARRY,7
BILLY,COFFEY,7
ELAINE,PAUL,6
DEL,PERCY,6
HARRY,PERCY,6
DEAN,PERCY,6
COFFEY,HAL,5
COFFEY,DEAN,5
BRUTAL,HAL,5
DEL,HARRY,4
BILLY,DEL,4
BILLY,HARRY,4
BILLY,PERCY,4
BRAD,ELAINE,3
BRAD,PAUL,3
KLAUS,PAUL,3
MARJORIE,PAUL,3
PAUL,VAN HAY,3
PERCY,VAN HAY,3
HAL,PERCY,3
BILLY,DEAN,3
COFFEY,MELINDA,3
HAL,MELINDA,3
FRED ASTAIRE,PAUL,2
KLAUS,MARJORIE,2
BILL,DEL,2
BRUTAL,VAN HAY,2
HARRY,TOOT,2
PAUL,TOOT,2
BILLY,TIMECUT:,2
BRUTAL,TIMECUT:,2
PAUL,TIMECUT:,2
BRUTAL,JAN,2
DEAN,JAN,2
HARRY,JAN,2
BRUTAL,MELINDA,2
MELINDA,PAUL,2
BRAD,ELDERLY LADIES,1
BRAD,ELDERLY LADY #1,1
BRAD,ELDERLY LADY #2,1
BRAD,FRED ASTAIRE,1
BRAD,ORDERLY,1
BRAD,PETE,1
ELAINE,ELDERLY LADIES,1
ELAINE,ELDERLY LADY #1,1
ELAINE,ELDERLY LADY #2,1
ELAINE,FRED ASTAIRE,1
ELAINE,ORDERLY,1
ELAINE,PETE,1
ELDERLY LADIES,ELDERLY LADY #1,1
ELDERLY LADIES,ELDERLY LADY #2,1
ELDERLY LADIES,FRED ASTAIRE,1
ELDERLY LADIES,ORDERLY,1
ELDERLY LADIES,PAUL,1
ELDERLY LADIES,PETE,1
ELDERLY LADY #1,ELDERLY LADY #2,1
ELDERLY LADY #1,FRED ASTAIRE,1
ELDERLY LADY #1,ORDERLY,1
ELDERLY LADY #1,PAUL,1
ELDERLY LADY #1,PETE,1
ELDERLY LADY #2,FRED ASTAIRE,1
ELDERLY LADY #2,ORDERLY,1
ELDERLY LADY #2,PAUL,1
ELDERLY LADY #2,PETE,1
FRED ASTAIRE,ORDERLY,1
FRED ASTAIRE,PETE,1
ORDERLY,PAUL,1
ORDERLY,PETE,1
PAUL,PETE,1
HOWIE,KLAUS,1
HOWIE,MARJORIE,1
HOWIE,PAUL,1
COFFEY,THE RIVER,1
HAL,THE RIVER,1
PAUL,THE RIVER,1
BILL,BRUTAL,1
BILL,COFFEY,1
BILL,HARRY,1
BILL,PAUL,1
BILL,PERCY,1
BILL,THE MOUSE,1
BRUTAL,THE MOUSE,1
COFFEY,THE MOUSE,1
DEL,THE MOUSE,1
HARRY,THE MOUSE,1
PAUL,THE MOUSE,1
PERCY,THE MOUSE,1
BEHIND THE PARTITION,BRUTAL,1
BEHIND THE PARTITION,DEAN,1
BEHIND THE PARTITION,HARRY,1
BEHIND THE PARTITION,PAUL,1
BEHIND THE PARTITION,PERCY,1
BEHIND THE PARTITION,RESUME MAIN CHAMBER,1
BEHIND THE PARTITION,TOOT,1
BEHIND THE PARTITION,VAN HAY,1
BRUTAL,RESUME MAIN CHAMBER,1
BRUTAL,TOOT,1
DEAN,RESUME MAIN CHAMBER,1
DEAN,TOOT,1
DEAN,VAN HAY,1
HARRY,RESUME MAIN CHAMBER,1
HARRY,VAN HAY,1
PAUL,RESUME MAIN CHAMBER,1
PERCY,RESUME MAIN CHAMBER,1
PERCY,TOOT,1
RESUME MAIN CHAMBER,TOOT,1
RESUME MAIN CHAMBER,VAN HAY,1
TOOT,VAN HAY,1
BITTERBUCK,PAUL,1
AT THE GUARD STATION,BRUTAL,1
AT THE GUARD STATION,COFFEY,1
AT THE GUARD STATION,DEL,1
AT THE GUARD STATION,PAUL,1
AT THE GUARD STATION,PERCY,1
BILLY,COFFEY'S CELL,1
BILLY,THE DOOR,1
BRUTAL,COFFEY'S CELL,1
BRUTAL,THE DOOR,1
COFFEY,COFFEY'S CELL,1
COFFEY,THE DOOR,1
COFFEY'S CELL,DEL,1
COFFEY'S CELL,HARRY,1
COFFEY'S CELL,PAUL,1
COFFEY'S CELL,THE DOOR,1
DEL,THE DOOR,1
HARRY,THE DOOR,1
PAUL,THE DOOR,1
BURT,CYNTHIA,1
BURT,PAUL,1
CYNTHIA,PAUL,1
HARRY,TIMECUT:,1
COFFEY,TOOT,1
DEL,TOOT,1
BILL,EARL,1
DEL,EARL,1
DEAN,DEL,1
BILLY,FAT LADY,1
BILLY,HAL,1
BILLY,MAN,1
BILLY,VAN HAY,1
BILLY,WITNESSES,1
BRUTAL,FAT LADY,1
BRUTAL,MAN,1
BRUTAL,WITNESSES,1
COFFEY,FAT LADY,1
COFFEY,MAN,1
COFFEY,VAN HAY,1
COFFEY,WITNESSES,1
DEL,FAT LADY,1
DEL,HAL,1
DEL,MAN,1
DEL,VAN HAY,1
DEL,WITNESSES,1
FAT LADY,HAL,1
FAT LADY,MAN,1
FAT LADY,PAUL,1
FAT LADY,PERCY,1
FAT LADY,VAN HAY,1
FAT LADY,WITNESSES,1
HAL,MAN,1
HAL,VAN HAY,1
HAL,WITNESSES,1
MAN,PAUL,1
MAN,PERCY,1
MAN,VAN HAY,1
MAN,WITNESSES,1
PAUL,WITNESSES,1
PERCY,WITNESSES,1
VAN HAY,WITNESSES,1
BRUTAL,THE MEN,1
DEAN,THE MEN,1
HARRY,THE MEN,1
JAN,THE MEN,1
PAUL,THE MEN,1
BRUTAL,ORDERLY,1
ANGLE THROUGH COFFEY'S BARS,BILLY,1
ANGLE THROUGH COFFEY'S BARS,BILLY'S CELL,1
ANGLE THROUGH COFFEY'S BARS,BRUTAL,1
ANGLE THROUGH COFFEY'S BARS,COFFEY,1
ANGLE THROUGH COFFEY'S BARS,DEAN,1
ANGLE THROUGH COFFEY'S BARS,HARRY,1
ANGLE THROUGH COFFEY'S BARS,PAUL,1
ANGLE THROUGH COFFEY'S BARS,THE DUTY DESK,1
BILLY,BILLY'S CELL,1
BILLY,THE DUTY DESK,1
BILLY'S CELL,BRUTAL,1
BILLY'S CELL,COFFEY,1
BILLY'S CELL,DEAN,1
BILLY'S CELL,HARRY,1
BILLY'S CELL,PAUL,1
BILLY'S CELL,THE DUTY DESK,1
BRUTAL,THE DUTY DESK,1
COFFEY,THE DUTY DESK,1
DEAN,THE DUTY DESK,1
HARRY,THE DUTY DESK,1
PAUL,THE DUTY DESK,1
A WALL-MOUNTED GUN SAFE,BILLY,1
A WALL-MOUNTED GUN SAFE,BRUTAL,1
A WALL-MOUNTED GUN SAFE,COFFEY,1
A WALL-MOUNTED GUN SAFE,DEAN,1
A WALL-MOUNTED GUN SAFE,PAUL,1
A WALL-MOUNTED GUN SAFE,PERCY,1
BRUTAL,WIDE SHOT OF PRISON,1
COFFEY,WIDE SHOT OF PRISON,1
PAUL,WIDE SHOT OF PRISON,1
ANOTHER AREA/WOODS,BRUTAL,1
ANOTHER AREA/WOODS,COFFEY,1
ANOTHER AREA/WOODS,HARRY,1
ANOTHER AREA/WOODS,ON THE STAKEBED,1
ANOTHER AREA/WOODS,PAUL,1
ANOTHER AREA/WOODS,WIDE ANGLE OF COUNTRYSIDE,1
BRUTAL,ON THE STAKEBED,1
BRUTAL,WIDE ANGLE OF COUNTRYSIDE,1
COFFEY,ON THE STAKEBED,1
COFFEY,WIDE ANGLE OF COUNTRYSIDE,1
HARRY,ON THE STAKEBED,1
HARRY,WIDE ANGLE OF COUNTRYSIDE,1
ON THE STAKEBED,PAUL,1
ON THE STAKEBED,WIDE ANGLE OF COUNTRYSIDE,1
PAUL,WIDE ANGLE OF COUNTRYSIDE,1
BRUTAL,IN THE STAKEBED,1
BRUTAL,IN THE TRUCK CAB,1
COFFEY,IN THE STAKEBED,1
COFFEY,IN THE TRUCK CAB,1
HAL,IN THE STAKEBED,1
HAL,IN THE TRUCK CAB,1
IN THE STAKEBED,IN THE TRUCK CAB,1
IN THE STAKEBED,MELINDA,1
IN THE STAKEBED,PAUL,1
IN THE TRUCK CAB,MELINDA,1
IN THE TRUCK CAB,PAUL,1
BEDROOM,BRUTAL,1
BEDROOM,COFFEY,1
BEDROOM,DOWNSTAIRS PARLOR,1
BEDROOM,HAL,1
BEDROOM,MELINDA,1
BEDROOM,PAUL,1
BRUTAL,DOWNSTAIRS PARLOR,1
COFFEY,DOWNSTAIRS PARLOR,1
DOWNSTAIRS PARLOR,HAL,1
DOWNSTAIRS PARLOR,MELINDA,1
DOWNSTAIRS PARLOR,PAUL,1
BILLY,WILD BILL,1
BRUTAL,WILD BILL,1
COFFEY,WILD BILL,1
DEAN,WILD BILL,1
HARRY,WILD BILL,1
PAUL,WILD BILL,1
PERCY,WILD BILL,1
BRUTAL,COP #1,1
BRUTAL,COP #2,1
BRUTAL,MEDIC,1
COP #1,COP #2,1
COP #1,DEAN,1
COP #1,HAL,1
COP #1,HARRY,1
COP #1,MEDIC,1
COP #1,PAUL,1
COP #1,PERCY,1
COP #2,DEAN,1
COP #2,HAL,1
COP #2,HARRY,1
COP #2,MEDIC,1
COP #2,PAUL,1
COP #2,PERCY,1
DEAN,HAL,1
DEAN,MEDIC,1
HAL,HARRY,1
HAL,MEDIC,1
HARRY,MEDIC,1
MEDIC,PAUL,1
MEDIC,PERCY,1
BRUTAL,FRED ASTAIRE,1
BRUTAL,IN THE AUDITORIUM,1
BRUTAL,PROJECTION BOOTH,1
COFFEY,FRED ASTAIRE,1
COFFEY,IN THE AUDITORIUM,1
COFFEY,PROJECTION BOOTH,1
FRED ASTAIRE,IN THE AUDITORIUM,1
FRED ASTAIRE,PROJECTION BOOTH,1
IN THE AUDITORIUM,PAUL,1
IN THE AUDITORIUM,PROJECTION BOOTH,1
PAUL,PROJECTION BOOTH,1
BRUTAL,IN TIGHT ANGLES,1
BRUTAL,JACK VAN HAY,1
BRUTAL,KATHE AND CORA,1
BRUTAL,MARJORIE,1
BRUTAL,THE WITNESSES,1
COFFEY,IN TIGHT ANGLES,1
COFFEY,JACK VAN HAY,1
COFFEY,KATHE AND CORA,1
COFFEY,MARJORIE,1
COFFEY,THE WITNESSES,1
IN TIGHT ANGLES,JACK VAN HAY,1
IN TIGHT ANGLES,KATHE AND CORA,1
IN TIGHT ANGLES,MARJORIE,1
IN TIGHT ANGLES,PAUL,1
IN TIGHT ANGLES,THE WITNESSES,1
JACK VAN HAY,KATHE AND CORA,1
JACK VAN HAY,MARJORIE,1
JACK VAN HAY,PAUL,1
JACK VAN HAY,THE WITNESSES,1
KATHE AND CORA,MARJORIE,1
KATHE AND CORA,PAUL,1
KATHE AND CORA,THE WITNESSES,1
MARJORIE,THE WITNESSES,1
PAUL,THE WITNESSES,1
